{"cameraMode":{"drawMode":0,"name":"Shaded","section":"Shading Mode"},"sceneLighting":true,"audioPlay":false,"sceneViewState":{"showFog":true,"showMaterialUpdate":false,"showSkybox":true,"showFlares":true,"showImageEffects":true,"showParticleSystems":true},"in2DMode":false,"pivot":{"x":3.255415678024292,"y":-0.42416128516197207,"z":0.7749413847923279},"rotation":{"x":-0.19816267490386964,"y":-0.6377114057540894,"z":0.1746453195810318,"w":-0.7235794067382813},"size":7.663646221160889,"orthographic":false}