{"cameraMode":{"drawMode":0,"name":"Shaded","section":"Shading Mode"},"sceneLighting":false,"audioPlay":false,"sceneViewState":{"showFog":true,"showMaterialUpdate":false,"showSkybox":false,"showFlares":true,"showImageEffects":true,"showParticleSystems":true},"in2DMode":false,"pivot":{"x":10.605937957763672,"y":4.902085304260254,"z":40.967952728271487},"rotation":{"x":0.1703336238861084,"y":0.8158419132232666,"z":-0.29901665449142458,"w":0.4647406339645386},"size":6.795199394226074,"orthographic":false}