{"cameraMode":{"drawMode":0,"name":"Shaded","section":"Shading Mode"},"sceneLighting":false,"audioPlay":false,"sceneViewState":{"showFog":true,"showMaterialUpdate":false,"showSkybox":false,"showFlares":true,"showImageEffects":true,"showParticleSystems":true},"in2DMode":false,"pivot":{"x":9.282272338867188,"y":9.92129135131836,"z":9.123942375183106},"rotation":{"x":0.10881723463535309,"y":0.8451894521713257,"z":-0.1883871853351593,"w":0.4881967604160309},"size":10.514514923095704,"orthographic":false}