{"cameraMode":{"drawMode":0,"name":"Shaded","section":"Shading Mode"},"sceneLighting":true,"audioPlay":false,"sceneViewState":{"showFog":true,"showMaterialUpdate":false,"showSkybox":true,"showFlares":true,"showImageEffects":true,"showParticleSystems":true},"in2DMode":false,"pivot":{"x":-1.3155111074447632,"y":0.5000134706497192,"z":1.6132389307022095},"rotation":{"x":-0.13017237186431886,"y":-0.657620906829834,"z":0.1168212965130806,"w":-0.7327691912651062},"size":1.8000173568725587,"orthographic":false}