{"cameraMode":{"drawMode":0,"name":"Shaded","section":"Shading Mode"},"sceneLighting":true,"audioPlay":false,"sceneViewState":{"showFog":true,"showMaterialUpdate":false,"showSkybox":false,"showFlares":true,"showImageEffects":true,"showParticleSystems":true},"in2DMode":false,"pivot":{"x":0.06319442391395569,"y":1.809999942779541,"z":1.8180441856384278},"rotation":{"x":0.31501394510269167,"y":0.17656168341636659,"z":-0.05976724252104759,"w":0.9306029081344605},"size":0.3473111093044281,"orthographic":false}