{"cameraMode":{"drawMode":0,"name":"Shaded","section":"Shading Mode"},"sceneLighting":true,"audioPlay":false,"sceneViewState":{"showFog":true,"showMaterialUpdate":false,"showSkybox":false,"showFlares":true,"showImageEffects":true,"showParticleSystems":true},"in2DMode":false,"pivot":{"x":91.28882598876953,"y":-30.51920509338379,"z":93.0483169555664},"rotation":{"x":0.1747686266899109,"y":0.33369362354278567,"z":-0.06310324370861054,"w":0.9241881370544434},"size":98.55530548095703,"orthographic":false}