{"cameraMode":{"drawMode":0,"name":"Shaded","section":"Shading Mode"},"sceneLighting":true,"audioPlay":false,"sceneViewState":{"showFog":true,"showMaterialUpdate":false,"showSkybox":true,"showFlares":true,"showImageEffects":true,"showParticleSystems":true},"in2DMode":false,"pivot":{"x":0.07431063055992127,"y":1.5493866205215455,"z":4.469565391540527},"rotation":{"x":0.31902357935905459,"y":-0.21630701422691346,"z":0.07503369450569153,"w":0.9196775555610657},"size":6.900018692016602,"orthographic":false}